customer_id,email,state,plan,plan_list_price,churn_status,user_id_int,churned,user_id_x,total_tickets,avg_resolution_time,user_id_y,total_activities
C10000,user10000@example.com,New Jersey,Enterprise,105,Y,10000,1,10000.0,3.0,21.44666666666667,10000.0,3.0
C10001,user10001@example.net,Louisiana,Basic,22,Y,10001,1,10001.0,4.0,17.5425,10001.0,1.0
C10002,user10002@example.net,Oklahoma,Basic,24,N,10002,0,10002.0,3.0,6.433333333333334,10002.0,1.0
C10003,user10003@example.com,Michigan,Free,0,N,10003,0,10003.0,1.0,2.19,10003.0,1.0
C10004,user10004@example.com,Texas,Enterprise,119,N,10004,0,10004.0,4.0,8.5425,10004.0,4.0
C10005,user10005@example.org,Ohio,Enterprise,114,N,10005,0,10005.0,2.0,7.8149999999999995,10005.0,1.0
C10006,user10006@example.com,Kentucky,Basic,19,N,10006,0,10006.0,2.0,6.859999999999999,,0.0
C10007,user10007@example.com,North Carolina,Basic,10,Y,10007,1,10007.0,3.0,25.166666666666668,,0.0
C10008,user10008@example.net,Alaska,Enterprise,87,N,10008,0,10008.0,1.0,4.58,10008.0,2.0
C10009,user10009@example.com,Virginia,Free,0,N,10009,0,10009.0,3.0,8.273333333333333,10009.0,4.0
C10010,user10010@example.net,Kansas,Pro,51,N,10010,0,10010.0,3.0,3.856666666666667,,0.0
C10011,user10011@example.net,Arizona,Pro,57,N,10011,0,10011.0,2.0,8.815,10011.0,1.0
C10012,user10012@example.net,Idaho,Enterprise,93,N,10012,0,10012.0,2.0,3.525,10012.0,2.0
C10013,user10013@example.com,Alaska,Enterprise,104,N,10013,0,,0.0,0.0,10013.0,1.0
C10014,user10014@example.com,Connecticut,Free,0,Y,10014,1,10014.0,3.0,24.19666666666667,,0.0
C10015,user10015@example.com,Kansas,Enterprise,110,N,10015,0,10015.0,2.0,7.155,,0.0
C10016,user10016@example.net,Colorado,Enterprise,138,N,10016,0,10016.0,2.0,6.23,10016.0,1.0
C10017,user10017@example.org,Rhode Island,Basic,24,N,10017,0,10017.0,1.0,7.19,,0.0
C10018,user10018@example.org,Idaho,Pro,57,N,10018,0,10018.0,5.0,8.142,,0.0
C10019,user10019@example.org,Maine,Enterprise,100,N,10019,0,10019.0,1.0,6.29,10019.0,2.0
C10020,user10020@example.org,Wisconsin,Basic,16,N,10020,0,10020.0,1.0,7.32,10020.0,2.0
C10021,user10021@example.org,Vermont,Pro,64,Y,10021,1,10021.0,3.0,17.46666666666667,,0.0
C10022,user10022@example.com,Florida,Free,0,Y,10022,1,10022.0,3.0,15.959999999999999,,0.0
C10023,user10023@example.com,Texas,Pro,32,N,10023,0,10023.0,4.0,5.825,10023.0,1.0
C10024,user10024@example.net,Delaware,Enterprise,90,N,10024,0,10024.0,2.0,5.715,10024.0,3.0
C10025,user10025@example.com,Colorado,Free,0,Y,10025,1,10025.0,3.0,17.003333333333334,,0.0
C10026,user10026@example.org,New York,Pro,43,N,10026,0,10026.0,4.0,7.7775,,0.0
C10027,user10027@example.net,Montana,Pro,51,N,10027,0,10027.0,2.0,6.745,10027.0,1.0
C10028,user10028@example.com,Kentucky,Enterprise,92,N,10028,0,10028.0,2.0,1.98,10028.0,1.0
C10029,user10029@example.com,Missouri,Pro,51,N,10029,0,10029.0,4.0,6.6625000000000005,10029.0,2.0
C10030,user10030@example.com,West Virginia,Enterprise,119,N,10030,0,10030.0,2.0,6.965,10030.0,1.0
C10031,user10031@example.org,Connecticut,Free,0,N,10031,0,10031.0,4.0,3.7199999999999998,10031.0,2.0
C10032,user10032@example.org,New Mexico,Enterprise,104,Y,10032,1,10032.0,2.0,21.6,,0.0
C10033,user10033@example.org,Ohio,Pro,42,Y,10033,1,10033.0,1.0,16.78,10033.0,1.0
C10034,user10034@example.com,Iowa,Enterprise,139,Y,10034,1,10034.0,2.0,21.5,10034.0,2.0
C10035,user10035@example.org,West Virginia,Basic,30,N,10035,0,10035.0,1.0,7.63,10035.0,1.0
C10036,user10036@example.org,Connecticut,Enterprise,97,Y,10036,1,10036.0,1.0,18.3,10036.0,1.0
C10037,user10037@example.net,Colorado,Pro,53,N,10037,0,10037.0,2.0,9.25,10037.0,4.0
C10038,user10038@example.org,Montana,Free,0,Y,10038,1,10038.0,6.0,16.45,,0.0
C10039,user10039@example.org,Rhode Island,Enterprise,125,N,10039,0,10039.0,3.0,6.56,10039.0,2.0
C10040,user10040@example.net,Kansas,Basic,19,N,10040,0,10040.0,4.0,6.442500000000001,,0.0
C10041,user10041@example.org,Virginia,Enterprise,121,N,10041,0,10041.0,3.0,4.319999999999999,10041.0,1.0
C10042,user10042@example.net,North Dakota,Enterprise,132,N,10042,0,10042.0,1.0,4.72,,0.0
C10043,user10043@example.com,Hawaii,Enterprise,143,N,10043,0,,0.0,0.0,,0.0
C10044,user10044@example.net,Louisiana,Basic,28,N,10044,0,10044.0,4.0,6.5175,10044.0,2.0
C10045,user10045@example.com,Nebraska,Basic,19,N,10045,0,10045.0,2.0,7.369999999999999,10045.0,3.0
C10046,user10046@example.com,Rhode Island,Free,0,N,10046,0,10046.0,1.0,3.73,,0.0
C10047,user10047@example.com,Missouri,Basic,22,N,10047,0,,0.0,0.0,10047.0,2.0
C10048,user10048@example.net,South Dakota,Enterprise,134,N,10048,0,10048.0,3.0,3.73,10048.0,2.0
C10049,user10049@example.org,Virginia,Basic,12,N,10049,0,10049.0,1.0,3.17,10049.0,2.0
C10050,user10050@example.com,Connecticut,Basic,16,Y,10050,1,10050.0,1.0,12.15,10050.0,4.0
C10051,user10051@example.com,Hawaii,Free,0,N,10051,0,,0.0,0.0,10051.0,1.0
C10052,user10052@example.com,West Virginia,Pro,33,Y,10052,1,10052.0,6.0,17.830000000000002,,0.0
C10053,user10053@example.org,Wisconsin,Basic,28,Y,10053,1,10053.0,1.0,21.36,,0.0
C10054,user10054@example.com,Montana,Free,0,N,10054,0,10054.0,2.0,4.83,10054.0,1.0
C10055,user10055@example.net,West Virginia,Free,0,N,10055,0,10055.0,1.0,6.0,10055.0,2.0
C10056,user10056@example.com,Utah,Basic,24,N,10056,0,10056.0,2.0,11.690000000000001,10056.0,1.0
C10057,user10057@example.org,Washington,Free,0,N,10057,0,10057.0,4.0,5.8425,10057.0,2.0
C10058,user10058@example.org,Kansas,Free,0,Y,10058,1,10058.0,2.0,21.57,,0.0
C10059,user10059@example.com,Rhode Island,Basic,29,Y,10059,1,,0.0,0.0,10059.0,2.0
C10060,user10060@example.org,Montana,Enterprise,95,N,10060,0,10060.0,4.0,7.7025,,0.0
C10061,user10061@example.com,Virginia,Enterprise,99,N,10061,0,10061.0,1.0,2.07,10061.0,1.0
C10062,user10062@example.org,Arizona,Free,0,N,10062,0,,0.0,0.0,10062.0,1.0
C10063,user10063@example.org,Louisiana,Free,0,Y,10063,1,10063.0,3.0,16.423333333333332,,0.0
C10064,user10064@example.net,Nebraska,Basic,17,N,10064,0,10064.0,3.0,12.386666666666665,10064.0,1.0
C10065,user10065@example.net,Utah,Basic,24,Y,10065,1,10065.0,3.0,20.47,,0.0
C10066,user10066@example.com,Vermont,Enterprise,140,N,10066,0,10066.0,2.0,3.9,,0.0
C10067,user10067@example.org,Pennsylvania,Free,0,N,10067,0,10067.0,3.0,5.1000000000000005,,0.0
C10068,user10068@example.org,Nevada,Free,0,Y,10068,1,10068.0,1.0,12.57,,0.0
C10069,user10069@example.net,Hawaii,Enterprise,90,N,10069,0,10069.0,1.0,5.11,,0.0
C10070,user10070@example.com,Iowa,Basic,17,N,10070,0,,0.0,0.0,,0.0
C10071,user10071@example.com,Arkansas,Free,0,Y,10071,1,10071.0,1.0,10.48,,0.0
C10072,user10072@example.com,Colorado,Enterprise,115,N,10072,0,10072.0,2.0,5.1,10072.0,2.0
C10073,user10073@example.com,Virginia,Pro,79,N,10073,0,10073.0,2.0,9.190000000000001,10073.0,2.0
C10074,user10074@example.net,Illinois,Free,0,Y,10074,1,10074.0,2.0,21.715,,0.0
C10075,user10075@example.net,Montana,Free,0,Y,10075,1,10075.0,1.0,18.92,10075.0,1.0
C10076,user10076@example.net,Nebraska,Pro,49,Y,10076,1,10076.0,2.0,25.380000000000003,,0.0
C10077,user10077@example.net,Virginia,Free,0,N,10077,0,10077.0,3.0,4.2299999999999995,,0.0
C10078,user10078@example.org,Kentucky,Enterprise,137,N,10078,0,10078.0,2.0,5.865,10078.0,2.0
C10079,user10079@example.org,Florida,Pro,61,N,10079,0,10079.0,2.0,5.19,10079.0,1.0
C10080,user10080@example.org,Delaware,Pro,64,N,10080,0,10080.0,1.0,7.25,10080.0,1.0
C10081,user10081@example.com,Michigan,Free,0,N,10081,0,10081.0,5.0,3.95,10081.0,1.0
C10082,user10082@example.com,Ohio,Enterprise,131,N,10082,0,,0.0,0.0,10082.0,1.0
C10083,user10083@example.net,New Jersey,Free,0,N,10083,0,10083.0,5.0,6.697999999999999,10083.0,3.0
C10084,user10084@example.com,Wyoming,Free,0,Y,10084,1,,0.0,0.0,,0.0
C10085,user10085@example.net,North Dakota,Free,0,Y,10085,1,10085.0,4.0,24.305,10085.0,1.0
C10086,user10086@example.net,California,Free,0,Y,10086,1,10086.0,2.0,19.945,,0.0
C10087,user10087@example.com,New York,Pro,71,N,10087,0,10087.0,2.0,3.3150000000000004,10087.0,2.0
C10088,user10088@example.com,Montana,Enterprise,104,Y,10088,1,10088.0,2.0,18.97,10088.0,1.0
C10089,user10089@example.org,Texas,Free,0,N,10089,0,10089.0,1.0,10.3,10089.0,2.0
C10090,user10090@example.com,Michigan,Free,0,N,10090,0,10090.0,1.0,3.4,,0.0
C10091,user10091@example.org,Oklahoma,Pro,73,Y,10091,1,10091.0,5.0,17.524,,0.0
C10092,user10092@example.org,Pennsylvania,Basic,20,N,10092,0,10092.0,1.0,1.22,,0.0
C10093,user10093@example.org,Arizona,Enterprise,95,N,10093,0,10093.0,1.0,4.93,,0.0
C10094,user10094@example.org,Vermont,Enterprise,125,Y,10094,1,10094.0,1.0,9.91,,0.0
C10095,user10095@example.org,Illinois,Basic,30,N,10095,0,10095.0,2.0,7.35,,0.0
C10096,user10096@example.com,Michigan,Pro,60,Y,10096,1,10096.0,1.0,14.1,,0.0
C10097,user10097@example.org,Connecticut,Pro,62,N,10097,0,10097.0,3.0,8.863333333333333,10097.0,1.0
C10098,user10098@example.com,Missouri,Basic,28,Y,10098,1,10098.0,2.0,18.939999999999998,,0.0
C10099,user10099@example.com,New Jersey,Enterprise,147,Y,10099,1,10099.0,2.0,12.290000000000001,,0.0
C10100,user10100@example.com,Tennessee,Enterprise,111,N,10100,0,10100.0,4.0,7.6625,10100.0,2.0
C10101,user10101@example.com,Arizona,Basic,26,N,10101,0,10101.0,4.0,7.6025,10101.0,2.0
C10102,user10102@example.net,New Mexico,Free,0,N,10102,0,10102.0,3.0,8.106666666666667,,0.0
C10103,user10103@example.org,Missouri,Basic,13,N,10103,0,10103.0,4.0,6.3425,10103.0,1.0
C10104,user10104@example.com,Illinois,Pro,69,N,10104,0,10104.0,2.0,11.920000000000002,10104.0,2.0
C10105,user10105@example.com,Utah,Basic,12,N,10105,0,10105.0,1.0,12.63,10105.0,2.0
C10106,user10106@example.org,North Carolina,Enterprise,130,N,10106,0,10106.0,1.0,8.5,10106.0,2.0
C10107,user10107@example.org,Florida,Basic,10,N,10107,0,10107.0,1.0,4.44,,0.0
C10108,user10108@example.com,Minnesota,Enterprise,94,Y,10108,1,10108.0,4.0,17.0975,,0.0
C10109,user10109@example.com,Tennessee,Enterprise,136,N,10109,0,10109.0,3.0,2.143333333333333,10109.0,3.0
C10110,user10110@example.net,Maryland,Free,0,N,10110,0,10110.0,3.0,14.256666666666666,10110.0,2.0
C10111,user10111@example.net,Tennessee,Free,0,Y,10111,1,10111.0,3.0,16.466666666666665,,0.0
C10112,user10112@example.com,Idaho,Basic,30,N,10112,0,10112.0,2.0,6.715,,0.0
C10113,user10113@example.net,Massachusetts,Enterprise,144,Y,10113,1,10113.0,2.0,15.675,,0.0
C10114,user10114@example.net,New York,Free,0,Y,10114,1,10114.0,1.0,23.44,,0.0
C10115,user10115@example.net,Delaware,Pro,57,Y,10115,1,10115.0,4.0,20.43,,0.0
C10116,user10116@example.org,Connecticut,Free,0,Y,10116,1,10116.0,1.0,28.27,,0.0
C10117,user10117@example.net,Idaho,Basic,16,Y,10117,1,10117.0,2.0,10.925,,0.0
C10118,user10118@example.com,Delaware,Free,0,N,10118,0,10118.0,1.0,10.69,10118.0,2.0
C10119,user10119@example.net,Maryland,Free,0,Y,10119,1,10119.0,4.0,23.15,10119.0,1.0
C10120,user10120@example.net,Massachusetts,Free,0,N,10120,0,10120.0,5.0,6.5680000000000005,10120.0,4.0
C10121,user10121@example.com,New Mexico,Pro,42,N,10121,0,10121.0,4.0,6.425,10121.0,3.0
C10122,user10122@example.com,South Dakota,Basic,30,N,10122,0,10122.0,2.0,3.995,10122.0,1.0
C10123,user10123@example.com,Minnesota,Basic,19,N,10123,0,10123.0,1.0,4.73,10123.0,2.0
C10124,user10124@example.org,Minnesota,Basic,25,N,10124,0,10124.0,2.0,5.365,10124.0,1.0
C10125,user10125@example.com,Montana,Free,0,N,10125,0,10125.0,3.0,9.19,,0.0
C10126,user10126@example.com,Ohio,Pro,62,N,10126,0,10126.0,1.0,1.67,10126.0,1.0
C10127,user10127@example.com,Mississippi,Enterprise,120,N,10127,0,10127.0,2.0,8.165000000000001,10127.0,1.0
C10128,user10128@example.org,Wyoming,Basic,17,N,10128,0,10128.0,3.0,7.88,10128.0,3.0
C10129,user10129@example.net,Delaware,Basic,10,Y,10129,1,10129.0,4.0,11.87,,0.0
C10130,user10130@example.net,Washington,Basic,17,N,10130,0,,0.0,0.0,10130.0,1.0
C10131,user10131@example.com,Kentucky,Pro,54,N,10131,0,,0.0,0.0,,0.0
C10132,user10132@example.net,Alaska,Enterprise,125,N,10132,0,10132.0,2.0,11.395,10132.0,3.0
C10133,user10133@example.org,Missouri,Enterprise,147,N,10133,0,10133.0,4.0,6.5875,10133.0,3.0
C10134,user10134@example.com,Vermont,Basic,23,N,10134,0,10134.0,2.0,10.225,10134.0,4.0
C10135,user10135@example.net,South Carolina,Basic,24,N,10135,0,10135.0,3.0,4.136666666666667,,0.0
C10136,user10136@example.com,Arkansas,Free,0,N,10136,0,10136.0,2.0,8.27,,0.0
C10137,user10137@example.net,Virginia,Free,0,N,10137,0,10137.0,2.0,8.0,10137.0,2.0
C10138,user10138@example.com,West Virginia,Basic,10,N,10138,0,10138.0,4.0,5.42,,0.0
C10139,user10139@example.com,Missouri,Free,0,N,10139,0,10139.0,4.0,6.6975,10139.0,1.0
C10140,user10140@example.net,Massachusetts,Free,0,Y,10140,1,10140.0,3.0,22.776666666666667,10140.0,2.0
C10141,user10141@example.org,Utah,Enterprise,87,N,10141,0,10141.0,2.0,11.0,10141.0,2.0
C10142,user10142@example.org,North Dakota,Enterprise,131,Y,10142,1,10142.0,2.0,11.455,,0.0
C10143,user10143@example.com,Montana,Enterprise,137,N,10143,0,10143.0,3.0,1.29,10143.0,4.0
C10144,user10144@example.org,Vermont,Pro,56,N,10144,0,10144.0,3.0,4.97,10144.0,1.0
C10145,user10145@example.net,Rhode Island,Enterprise,116,N,10145,0,10145.0,1.0,11.49,10145.0,2.0
C10146,user10146@example.com,Florida,Enterprise,148,Y,10146,1,10146.0,2.0,6.744999999999999,10146.0,1.0
C10147,user10147@example.com,Iowa,Basic,19,N,10147,0,10147.0,1.0,5.2,10147.0,1.0
C10148,user10148@example.com,Ohio,Free,0,Y,10148,1,10148.0,3.0,22.973333333333333,,0.0
C10149,user10149@example.com,Louisiana,Free,0,N,10149,0,10149.0,2.0,8.785,10149.0,2.0
C10150,user10150@example.net,Missouri,Basic,30,Y,10150,1,10150.0,4.0,15.815000000000001,,0.0
C10151,user10151@example.com,Pennsylvania,Enterprise,134,N,10151,0,10151.0,3.0,9.323333333333332,10151.0,1.0
C10152,user10152@example.org,North Dakota,Pro,67,Y,10152,1,10152.0,3.0,14.306666666666667,10152.0,1.0
C10153,user10153@example.net,Montana,Basic,13,N,10153,0,10153.0,1.0,4.32,10153.0,2.0
C10154,user10154@example.net,Virginia,Free,0,Y,10154,1,10154.0,1.0,14.51,10154.0,1.0
C10155,user10155@example.org,Virginia,Pro,34,Y,10155,1,10155.0,1.0,15.62,,0.0
C10156,user10156@example.org,Massachusetts,Pro,72,N,10156,0,10156.0,2.0,6.71,,0.0
C10157,user10157@example.com,Washington,Basic,18,N,10157,0,10157.0,2.0,5.13,10157.0,1.0
C10158,user10158@example.com,Minnesota,Pro,73,N,10158,0,10158.0,5.0,6.438,10158.0,2.0
C10159,user10159@example.net,Ohio,Pro,69,N,10159,0,10159.0,1.0,4.55,10159.0,2.0
C10160,user10160@example.net,New Jersey,Basic,21,Y,10160,1,,0.0,0.0,,0.0
C10161,user10161@example.org,Ohio,Basic,27,N,10161,0,10161.0,1.0,11.62,,0.0
C10162,user10162@example.net,Maryland,Pro,32,Y,10162,1,10162.0,4.0,25.939999999999998,,0.0
C10163,user10163@example.net,Hawaii,Basic,24,Y,10163,1,10163.0,3.0,20.80333333333333,,0.0
C10164,user10164@example.com,Arkansas,Free,0,N,10164,0,10164.0,2.0,6.805,10164.0,2.0
C10165,user10165@example.com,Tennessee,Enterprise,137,N,10165,0,10165.0,2.0,9.954999999999998,10165.0,2.0
C10166,user10166@example.org,Nevada,Free,0,N,10166,0,10166.0,3.0,9.753333333333332,10166.0,3.0
C10167,user10167@example.org,West Virginia,Pro,43,N,10167,0,10167.0,1.0,6.87,10167.0,2.0
C10168,user10168@example.org,Utah,Enterprise,91,N,10168,0,10168.0,4.0,14.0575,10168.0,2.0
C10169,user10169@example.net,Connecticut,Basic,14,N,10169,0,10169.0,4.0,7.3,10169.0,2.0
C10170,user10170@example.org,New Jersey,Basic,22,Y,10170,1,10170.0,2.0,24.195,,0.0
C10171,user10171@example.org,Oregon,Basic,27,N,10171,0,10171.0,2.0,10.16,10171.0,1.0
C10172,user10172@example.org,Georgia,Free,0,N,10172,0,,0.0,0.0,10172.0,1.0
C10173,user10173@example.com,Florida,Basic,23,N,10173,0,10173.0,1.0,7.99,10173.0,2.0
C10174,user10174@example.com,Tennessee,Free,0,N,10174,0,10174.0,2.0,4.91,10174.0,1.0
C10175,user10175@example.net,Massachusetts,Free,0,N,10175,0,10175.0,1.0,1.85,,0.0
C10176,user10176@example.com,South Carolina,Pro,50,N,10176,0,10176.0,3.0,1.9866666666666666,,0.0
C10177,user10177@example.org,South Dakota,Pro,80,N,10177,0,10177.0,3.0,10.253333333333334,10177.0,3.0
C10178,user10178@example.org,Idaho,Basic,21,N,10178,0,10178.0,2.0,3.2800000000000002,10178.0,2.0
C10179,user10179@example.net,Mississippi,Basic,10,N,10179,0,10179.0,1.0,6.32,10179.0,5.0
C10180,user10180@example.org,Missouri,Pro,54,N,10180,0,10180.0,2.0,6.42,10180.0,1.0
C10181,user10181@example.com,Mississippi,Free,0,Y,10181,1,10181.0,1.0,20.91,,0.0
C10182,user10182@example.net,Wisconsin,Pro,34,N,10182,0,10182.0,2.0,5.635,,0.0
C10183,user10183@example.net,Michigan,Enterprise,112,Y,10183,1,,0.0,0.0,,0.0
C10184,user10184@example.com,Colorado,Free,0,Y,10184,1,10184.0,1.0,11.75,,0.0
C10185,user10185@example.net,Wisconsin,Basic,15,N,10185,0,10185.0,4.0,6.1625,10185.0,3.0
C10186,user10186@example.net,North Dakota,Free,0,N,10186,0,10186.0,2.0,2.735,10186.0,1.0
C10187,user10187@example.net,Alaska,Free,0,Y,10187,1,10187.0,3.0,21.846666666666664,10187.0,1.0
C10188,user10188@example.com,Tennessee,Pro,48,N,10188,0,10188.0,2.0,7.87,10188.0,3.0
C10189,user10189@example.net,Vermont,Pro,37,N,10189,0,10189.0,3.0,4.516666666666667,10189.0,1.0
C10190,user10190@example.com,Virginia,Pro,77,N,10190,0,10190.0,2.0,8.075,,0.0
C10191,user10191@example.com,Idaho,Pro,45,N,10191,0,10191.0,4.0,10.4475,10191.0,1.0
C10192,user10192@example.org,Delaware,Enterprise,94,N,10192,0,10192.0,2.0,7.1499999999999995,10192.0,3.0
C10193,user10193@example.org,Washington,Free,0,N,10193,0,10193.0,4.0,7.865,10193.0,2.0
C10194,user10194@example.net,Massachusetts,Basic,15,N,10194,0,10194.0,3.0,6.306666666666666,10194.0,2.0
C10195,user10195@example.org,Alaska,Basic,24,N,10195,0,10195.0,2.0,5.155,10195.0,1.0
C10196,user10196@example.net,Indiana,Enterprise,140,N,10196,0,10196.0,2.0,11.485,10196.0,3.0
C10197,user10197@example.org,Maryland,Basic,12,N,10197,0,10197.0,6.0,9.691666666666668,10197.0,3.0
C10198,user10198@example.com,North Carolina,Pro,78,N,10198,0,,0.0,0.0,10198.0,1.0
C10199,user10199@example.org,Alabama,Free,0,N,10199,0,10199.0,3.0,4.876666666666666,,0.0
C10200,user10200@example.net,Illinois,Pro,64,N,10200,0,,0.0,0.0,10200.0,3.0
C10201,user10201@example.com,Vermont,Enterprise,81,N,10201,0,10201.0,2.0,8.28,,0.0
C10202,user10202@example.com,Virginia,Basic,21,N,10202,0,10202.0,3.0,7.07,10202.0,2.0
C10203,user10203@example.com,Hawaii,Free,0,N,10203,0,10203.0,1.0,10.64,10203.0,2.0
C10204,user10204@example.net,Rhode Island,Enterprise,139,N,10204,0,,0.0,0.0,10204.0,1.0
C10205,user10205@example.org,Indiana,Pro,39,N,10205,0,10205.0,3.0,10.0,10205.0,1.0
C10206,user10206@example.org,Missouri,Free,0,Y,10206,1,10206.0,4.0,18.9025,,0.0
C10207,user10207@example.org,Maryland,Pro,35,N,10207,0,10207.0,3.0,12.696666666666667,10207.0,1.0
C10208,user10208@example.org,Delaware,Basic,24,N,10208,0,10208.0,3.0,7.593333333333334,10208.0,3.0
C10209,user10209@example.net,New Hampshire,Basic,15,N,10209,0,10209.0,3.0,5.323333333333333,10209.0,1.0
C10210,user10210@example.org,Iowa,Basic,12,N,10210,0,10210.0,4.0,7.967499999999999,10210.0,3.0
C10211,user10211@example.com,New Mexico,Basic,23,N,10211,0,10211.0,4.0,5.8325,10211.0,1.0
C10212,user10212@example.org,Texas,Free,0,N,10212,0,10212.0,3.0,6.776666666666666,10212.0,4.0
C10213,user10213@example.net,Wisconsin,Pro,39,N,10213,0,10213.0,1.0,1.3,,0.0
C10214,user10214@example.com,North Dakota,Enterprise,118,Y,10214,1,10214.0,1.0,17.5,10214.0,2.0
C10215,user10215@example.com,Alaska,Pro,65,N,10215,0,10215.0,3.0,7.44,,0.0
C10216,user10216@example.net,South Carolina,Basic,20,N,10216,0,10216.0,3.0,7.986666666666667,10216.0,1.0
C10217,user10217@example.net,Oklahoma,Enterprise,81,N,10217,0,10217.0,1.0,10.19,10217.0,1.0
C10218,user10218@example.net,Montana,Basic,21,N,10218,0,10218.0,1.0,4.58,10218.0,1.0
C10219,user10219@example.net,Illinois,Basic,23,Y,10219,1,10219.0,4.0,22.385,10219.0,1.0
C10220,user10220@example.org,Arkansas,Basic,15,N,10220,0,10220.0,2.0,2.915,10220.0,2.0
C10221,user10221@example.com,New Hampshire,Pro,73,N,10221,0,10221.0,4.0,10.895,,0.0
C10222,user10222@example.net,Minnesota,Free,0,N,10222,0,10222.0,1.0,5.05,,0.0
C10223,user10223@example.com,Rhode Island,Enterprise,91,N,10223,0,10223.0,3.0,9.143333333333333,10223.0,3.0
C10224,user10224@example.org,Iowa,Basic,30,N,10224,0,10224.0,1.0,8.06,,0.0
C10225,user10225@example.net,Oregon,Enterprise,144,Y,10225,1,10225.0,1.0,32.46,,0.0
C10226,user10226@example.com,California,Free,0,N,10226,0,10226.0,1.0,2.66,10226.0,2.0
C10227,user10227@example.net,Wyoming,Basic,23,N,10227,0,10227.0,2.0,5.295,10227.0,2.0
C10228,user10228@example.org,Alabama,Basic,27,N,10228,0,10228.0,3.0,4.97,10228.0,3.0
C10229,user10229@example.org,Nebraska,Pro,49,N,10229,0,10229.0,1.0,14.01,10229.0,2.0
C10230,user10230@example.com,Georgia,Enterprise,125,N,10230,0,10230.0,2.0,12.64,10230.0,1.0
C10231,user10231@example.org,New York,Basic,21,N,10231,0,10231.0,3.0,6.366666666666666,10231.0,2.0
C10232,user10232@example.net,Maine,Free,0,N,10232,0,10232.0,4.0,7.109999999999999,10232.0,2.0
C10233,user10233@example.org,Nevada,Free,0,N,10233,0,10233.0,1.0,5.01,10233.0,2.0
C10234,user10234@example.org,Idaho,Pro,32,N,10234,0,10234.0,2.0,7.165,10234.0,1.0
C10235,user10235@example.org,California,Pro,66,Y,10235,1,10235.0,1.0,17.31,10235.0,1.0
C10236,user10236@example.net,South Dakota,Free,0,N,10236,0,10236.0,4.0,7.02,,0.0
C10237,user10237@example.net,Maine,Pro,78,Y,10237,1,10237.0,3.0,18.973333333333333,,0.0
C10238,user10238@example.org,Wisconsin,Basic,18,Y,10238,1,10238.0,1.0,15.03,,0.0
C10239,user10239@example.net,Indiana,Pro,45,N,10239,0,10239.0,1.0,7.38,10239.0,2.0
C10240,user10240@example.net,Nebraska,Basic,29,Y,10240,1,10240.0,2.0,25.755,,0.0
C10241,user10241@example.org,New York,Enterprise,138,N,10241,0,10241.0,2.0,5.795,10241.0,5.0
C10242,user10242@example.org,Texas,Pro,62,N,10242,0,10242.0,1.0,2.61,10242.0,1.0
C10243,user10243@example.com,Iowa,Pro,79,N,10243,0,,0.0,0.0,10243.0,3.0
C10244,user10244@example.net,Delaware,Basic,20,N,10244,0,10244.0,6.0,5.343333333333334,,0.0
C10245,user10245@example.org,New Hampshire,Free,0,N,10245,0,10245.0,1.0,3.97,10245.0,1.0
C10246,user10246@example.net,Oklahoma,Enterprise,145,Y,10246,1,10246.0,2.0,15.82,,0.0
C10247,user10247@example.com,North Dakota,Free,0,N,10247,0,10247.0,3.0,5.823333333333333,10247.0,1.0
C10248,user10248@example.org,Oklahoma,Basic,23,N,10248,0,10248.0,2.0,7.025,10248.0,1.0
C10249,user10249@example.com,Texas,Pro,67,N,10249,0,10249.0,2.0,7.9350000000000005,10249.0,1.0
C10250,user10250@example.org,Vermont,Enterprise,132,N,10250,0,10250.0,3.0,6.736666666666667,,0.0
C10251,user10251@example.com,Hawaii,Basic,26,N,10251,0,10251.0,3.0,7.580000000000001,10251.0,2.0
C10252,user10252@example.com,Pennsylvania,Basic,16,Y,10252,1,10252.0,2.0,23.03,10252.0,1.0
C10253,user10253@example.org,South Carolina,Enterprise,104,N,10253,0,10253.0,2.0,6.22,10253.0,2.0
C10254,user10254@example.org,Washington,Free,0,Y,10254,1,10254.0,1.0,12.04,10254.0,1.0
C10255,user10255@example.net,Iowa,Basic,13,Y,10255,1,10255.0,5.0,18.130000000000003,,0.0
C10256,user10256@example.com,Arizona,Enterprise,133,N,10256,0,10256.0,1.0,6.15,,0.0
C10257,user10257@example.com,North Carolina,Pro,55,N,10257,0,10257.0,4.0,3.6075,,0.0
C10258,user10258@example.org,Kansas,Free,0,Y,10258,1,10258.0,4.0,19.1025,,0.0
C10259,user10259@example.org,Idaho,Free,0,N,10259,0,10259.0,4.0,5.9625,,0.0
C10260,user10260@example.com,Rhode Island,Basic,22,N,10260,0,10260.0,4.0,5.8925,10260.0,1.0
C10261,user10261@example.org,Virginia,Free,0,N,10261,0,,0.0,0.0,,0.0
C10262,user10262@example.org,Florida,Enterprise,82,N,10262,0,10262.0,2.0,7.955,10262.0,2.0
C10263,user10263@example.org,New York,Enterprise,117,N,10263,0,10263.0,4.0,5.605,10263.0,1.0
C10264,user10264@example.com,Idaho,Enterprise,93,N,10264,0,,0.0,0.0,10264.0,4.0
C10265,user10265@example.net,Colorado,Free,0,N,10265,0,10265.0,1.0,6.22,10265.0,1.0
C10266,user10266@example.net,Virginia,Free,0,N,10266,0,10266.0,2.0,7.415,10266.0,5.0
C10267,user10267@example.net,Colorado,Pro,35,Y,10267,1,10267.0,2.0,15.61,10267.0,1.0
C10268,user10268@example.net,Vermont,Basic,24,N,10268,0,10268.0,3.0,6.633333333333333,10268.0,1.0
C10269,user10269@example.org,Delaware,Enterprise,125,N,10269,0,10269.0,4.0,4.215,,0.0
C10270,user10270@example.org,Alaska,Basic,12,Y,10270,1,10270.0,4.0,19.44,,0.0
C10271,user10271@example.org,Hawaii,Enterprise,130,N,10271,0,10271.0,4.0,5.0600000000000005,10271.0,3.0
C10272,user10272@example.com,Pennsylvania,Basic,14,N,10272,0,10272.0,5.0,6.048,10272.0,2.0
C10273,user10273@example.org,Rhode Island,Free,0,Y,10273,1,10273.0,3.0,18.63,10273.0,1.0
C10274,user10274@example.org,Virginia,Basic,11,N,10274,0,10274.0,1.0,3.34,10274.0,1.0
C10275,user10275@example.com,Indiana,Enterprise,145,N,10275,0,10275.0,2.0,1.7599999999999998,10275.0,2.0
C10276,user10276@example.net,Massachusetts,Free,0,N,10276,0,10276.0,4.0,6.645,,0.0
C10277,user10277@example.org,Indiana,Enterprise,129,Y,10277,1,10277.0,3.0,16.18,,0.0
C10278,user10278@example.net,Missouri,Pro,78,N,10278,0,10278.0,1.0,8.24,10278.0,1.0
C10279,user10279@example.net,Tennessee,Enterprise,140,Y,10279,1,10279.0,5.0,15.136,,0.0
C10280,user10280@example.net,North Carolina,Pro,53,N,10280,0,10280.0,2.0,7.96,10280.0,3.0
C10281,user10281@example.net,Michigan,Enterprise,120,Y,10281,1,10281.0,3.0,14.853333333333333,,0.0
C10282,user10282@example.org,Nevada,Enterprise,141,Y,10282,1,10282.0,2.0,21.535,,0.0
C10283,user10283@example.org,Minnesota,Enterprise,124,N,10283,0,10283.0,3.0,5.7,,0.0
C10284,user10284@example.org,North Dakota,Free,0,N,10284,0,10284.0,1.0,11.59,10284.0,1.0
C10285,user10285@example.net,Maryland,Enterprise,133,N,10285,0,10285.0,1.0,12.42,,0.0
C10286,user10286@example.org,Arizona,Pro,78,N,10286,0,10286.0,1.0,10.39,10286.0,1.0
C10287,user10287@example.com,Oregon,Enterprise,108,N,10287,0,10287.0,1.0,13.69,,0.0
C10288,user10288@example.com,Kansas,Basic,16,N,10288,0,10288.0,3.0,9.306666666666667,10288.0,1.0
C10289,user10289@example.org,Michigan,Free,0,Y,10289,1,10289.0,4.0,20.3025,10289.0,1.0
C10290,user10290@example.net,Pennsylvania,Free,0,Y,10290,1,10290.0,1.0,25.9,,0.0
C10291,user10291@example.com,Florida,Pro,51,Y,10291,1,10291.0,2.0,22.595,,0.0
C10292,user10292@example.org,Mississippi,Free,0,Y,10292,1,,0.0,0.0,10292.0,1.0
C10293,user10293@example.net,Wyoming,Basic,20,N,10293,0,10293.0,4.0,5.8175,10293.0,2.0
C10294,user10294@example.net,Arizona,Pro,54,N,10294,0,10294.0,3.0,7.38,10294.0,3.0
C10295,user10295@example.com,Georgia,Basic,12,N,10295,0,,0.0,0.0,10295.0,1.0
C10296,user10296@example.org,Mississippi,Pro,50,Y,10296,1,10296.0,3.0,16.24,,0.0
C10297,user10297@example.net,Mississippi,Pro,48,N,10297,0,10297.0,1.0,3.92,,0.0
C10298,user10298@example.com,Louisiana,Pro,37,N,10298,0,,0.0,0.0,,0.0
C10299,user10299@example.org,Montana,Free,0,Y,10299,1,10299.0,2.0,17.9,,0.0
C10300,user10300@example.com,Washington,Basic,27,N,10300,0,10300.0,6.0,9.268333333333333,10300.0,1.0
C10301,user10301@example.com,Mississippi,Pro,47,N,10301,0,,0.0,0.0,10301.0,1.0
C10302,user10302@example.net,Oregon,Enterprise,136,Y,10302,1,10302.0,3.0,20.823333333333334,,0.0
C10303,user10303@example.org,Mississippi,Pro,61,N,10303,0,10303.0,4.0,3.3249999999999997,10303.0,2.0
C10304,user10304@example.com,New Hampshire,Pro,55,Y,10304,1,10304.0,3.0,22.743333333333336,,0.0
C10305,user10305@example.net,North Dakota,Free,0,N,10305,0,10305.0,3.0,7.010000000000001,10305.0,2.0
C10306,user10306@example.net,Tennessee,Free,0,N,10306,0,10306.0,1.0,5.14,10306.0,2.0
C10307,user10307@example.com,Indiana,Basic,11,N,10307,0,10307.0,2.0,5.755,,0.0
C10308,user10308@example.com,Vermont,Free,0,Y,10308,1,10308.0,1.0,17.5,,0.0
C10309,user10309@example.org,Michigan,Pro,42,N,10309,0,10309.0,4.0,7.0275,10309.0,3.0
C10310,user10310@example.net,Arizona,Basic,20,N,10310,0,,0.0,0.0,10310.0,2.0
C10311,user10311@example.com,North Dakota,Basic,10,Y,10311,1,10311.0,3.0,25.189999999999998,,0.0
C10312,user10312@example.net,Wyoming,Enterprise,134,N,10312,0,,0.0,0.0,10312.0,3.0
C10313,user10313@example.com,Virginia,Basic,18,N,10313,0,,0.0,0.0,10313.0,1.0
C10314,user10314@example.org,Wisconsin,Basic,17,N,10314,0,,0.0,0.0,10314.0,1.0
C10315,user10315@example.org,Oregon,Pro,74,N,10315,0,,0.0,0.0,10315.0,4.0
C10316,user10316@example.org,West Virginia,Enterprise,103,Y,10316,1,10316.0,3.0,23.063333333333333,,0.0
C10317,user10317@example.com,Colorado,Basic,30,Y,10317,1,10317.0,1.0,19.94,,0.0
C10318,user10318@example.net,Nevada,Basic,28,N,10318,0,10318.0,2.0,3.39,10318.0,1.0
C10319,user10319@example.net,Colorado,Basic,21,N,10319,0,10319.0,5.0,7.964,,0.0
C10320,user10320@example.com,Rhode Island,Basic,10,Y,10320,1,10320.0,1.0,24.92,,0.0
C10321,user10321@example.net,Arkansas,Enterprise,92,N,10321,0,10321.0,1.0,2.22,10321.0,1.0
C10322,user10322@example.net,Texas,Pro,34,Y,10322,1,10322.0,8.0,14.64,,0.0
C10323,user10323@example.com,Wyoming,Basic,18,N,10323,0,,0.0,0.0,10323.0,1.0
C10324,user10324@example.com,Utah,Enterprise,93,Y,10324,1,10324.0,2.0,22.509999999999998,,0.0
C10325,user10325@example.com,Florida,Free,0,Y,10325,1,10325.0,3.0,15.223333333333334,10325.0,1.0
C10326,user10326@example.net,Kentucky,Basic,17,N,10326,0,10326.0,6.0,8.888333333333334,10326.0,3.0
C10327,user10327@example.com,Montana,Free,0,Y,10327,1,10327.0,4.0,22.4625,,0.0
C10328,user10328@example.net,Idaho,Pro,45,N,10328,0,10328.0,1.0,4.6,10328.0,2.0
C10329,user10329@example.com,Nebraska,Pro,32,Y,10329,1,10329.0,2.0,16.505000000000003,,0.0
C10330,user10330@example.net,Oklahoma,Enterprise,82,N,10330,0,10330.0,1.0,7.09,10330.0,2.0
C10331,user10331@example.com,Alaska,Basic,18,N,10331,0,10331.0,2.0,6.985,10331.0,2.0
C10332,user10332@example.org,Nevada,Free,0,N,10332,0,10332.0,5.0,4.404,,0.0
C10333,user10333@example.org,Florida,Pro,59,N,10333,0,,0.0,0.0,10333.0,1.0
C10334,user10334@example.com,Delaware,Basic,26,Y,10334,1,10334.0,2.0,17.259999999999998,,0.0
C10335,user10335@example.com,Alabama,Free,0,Y,10335,1,10335.0,2.0,16.815,,0.0
C10336,user10336@example.org,Tennessee,Free,0,N,10336,0,10336.0,1.0,8.16,10336.0,2.0
C10337,user10337@example.com,Michigan,Free,0,Y,10337,1,10337.0,2.0,16.78,,0.0
C10338,user10338@example.net,Alaska,Free,0,N,10338,0,10338.0,6.0,7.1066666666666665,10338.0,2.0
C10339,user10339@example.com,North Carolina,Pro,34,N,10339,0,10339.0,5.0,4.95,,0.0
C10340,user10340@example.net,Utah,Basic,29,N,10340,0,10340.0,2.0,12.725000000000001,10340.0,3.0
C10341,user10341@example.org,Ohio,Enterprise,97,N,10341,0,10341.0,1.0,9.41,10341.0,1.0
C10342,user10342@example.com,Texas,Pro,43,N,10342,0,10342.0,4.0,3.4450000000000003,,0.0
C10343,user10343@example.net,Colorado,Basic,20,N,10343,0,10343.0,3.0,5.123333333333334,10343.0,2.0
C10344,user10344@example.org,Georgia,Enterprise,141,N,10344,0,10344.0,4.0,11.755,10344.0,2.0
C10345,user10345@example.net,Florida,Free,0,Y,10345,1,10345.0,3.0,21.776666666666667,,0.0
C10346,user10346@example.net,Ohio,Pro,35,N,10346,0,,0.0,0.0,10346.0,3.0
C10347,user10347@example.com,Colorado,Pro,37,N,10347,0,10347.0,1.0,7.42,,0.0
C10348,user10348@example.com,South Carolina,Basic,13,N,10348,0,10348.0,4.0,8.77,10348.0,2.0
C10349,user10349@example.org,Delaware,Free,0,N,10349,0,10349.0,3.0,3.026666666666667,10349.0,2.0
C10350,user10350@example.com,South Carolina,Enterprise,97,Y,10350,1,10350.0,4.0,17.7425,10350.0,1.0
C10351,user10351@example.org,Massachusetts,Enterprise,104,N,10351,0,10351.0,2.0,3.415,10351.0,2.0
C10352,user10352@example.net,Florida,Pro,39,N,10352,0,10352.0,2.0,5.42,10352.0,1.0
C10353,user10353@example.net,Arizona,Basic,18,N,10353,0,10353.0,3.0,11.196666666666667,10353.0,2.0
C10354,user10354@example.org,Virginia,Free,0,N,10354,0,10354.0,4.0,7.1125,,0.0
C10355,user10355@example.com,Minnesota,Free,0,Y,10355,1,10355.0,2.0,17.455,,0.0
C10356,user10356@example.org,Massachusetts,Basic,11,N,10356,0,10356.0,4.0,4.925,10356.0,1.0
C10357,user10357@example.net,New Jersey,Pro,49,N,10357,0,10357.0,1.0,10.33,,0.0
C10358,user10358@example.org,Washington,Enterprise,124,N,10358,0,10358.0,2.0,7.83,10358.0,2.0
C10359,user10359@example.org,Arizona,Free,0,N,10359,0,10359.0,2.0,6.775,,0.0
C10360,user10360@example.net,Delaware,Basic,19,N,10360,0,10360.0,1.0,5.84,10360.0,3.0
C10361,user10361@example.com,Hawaii,Free,0,N,10361,0,10361.0,3.0,4.753333333333333,,0.0
C10362,user10362@example.org,Delaware,Enterprise,119,N,10362,0,10362.0,2.0,7.825,10362.0,1.0
C10363,user10363@example.com,Florida,Basic,13,Y,10363,1,10363.0,6.0,20.316666666666666,10363.0,1.0
C10364,user10364@example.com,Washington,Enterprise,85,N,10364,0,10364.0,4.0,4.7275,10364.0,1.0
C10365,user10365@example.org,Illinois,Basic,15,N,10365,0,10365.0,1.0,2.06,10365.0,2.0
C10366,user10366@example.org,Idaho,Basic,25,N,10366,0,10366.0,3.0,3.686666666666666,10366.0,1.0
C10367,user10367@example.com,Colorado,Basic,20,N,10367,0,10367.0,1.0,8.29,10367.0,1.0
C10368,user10368@example.net,New Mexico,Basic,24,N,10368,0,10368.0,3.0,8.883333333333333,10368.0,2.0
C10369,user10369@example.com,West Virginia,Basic,20,N,10369,0,10369.0,2.0,8.399999999999999,,0.0
C10370,user10370@example.com,Florida,Free,0,Y,10370,1,10370.0,2.0,21.615,10370.0,1.0
C10371,user10371@example.org,Texas,Enterprise,87,N,10371,0,10371.0,4.0,5.65,10371.0,2.0
C10372,user10372@example.com,Vermont,Pro,80,N,10372,0,10372.0,1.0,2.9,,0.0
C10373,user10373@example.net,Pennsylvania,Basic,13,Y,10373,1,10373.0,2.0,13.16,,0.0
C10374,user10374@example.org,Pennsylvania,Free,0,Y,10374,1,10374.0,3.0,11.893333333333333,,0.0
C10375,user10375@example.net,Arkansas,Basic,29,Y,10375,1,10375.0,1.0,11.99,,0.0
C10376,user10376@example.org,Alaska,Basic,16,Y,10376,1,10376.0,1.0,25.05,,0.0
C10377,user10377@example.net,West Virginia,Enterprise,82,Y,10377,1,10377.0,1.0,11.07,,0.0
C10378,user10378@example.net,Illinois,Basic,26,N,10378,0,10378.0,4.0,7.8525,10378.0,3.0
C10379,user10379@example.net,Vermont,Basic,21,Y,10379,1,10379.0,2.0,20.935,,0.0
C10380,user10380@example.com,South Dakota,Enterprise,120,N,10380,0,10380.0,6.0,8.426666666666668,10380.0,1.0
C10381,user10381@example.org,New Hampshire,Free,0,N,10381,0,10381.0,1.0,8.6,,0.0
C10382,user10382@example.com,Utah,Free,0,Y,10382,1,10382.0,1.0,30.41,10382.0,2.0
C10383,user10383@example.com,Pennsylvania,Free,0,N,10383,0,10383.0,1.0,0.99,10383.0,1.0
C10384,user10384@example.org,New Hampshire,Basic,14,N,10384,0,10384.0,1.0,2.11,10384.0,1.0
C10385,user10385@example.org,Mississippi,Pro,40,Y,10385,1,10385.0,4.0,13.265,,0.0
C10386,user10386@example.net,New York,Pro,49,N,10386,0,10386.0,3.0,4.696666666666666,10386.0,2.0
C10387,user10387@example.org,Wisconsin,Basic,28,N,10387,0,10387.0,2.0,7.875,10387.0,1.0
C10388,user10388@example.net,Connecticut,Basic,23,N,10388,0,10388.0,2.0,5.09,10388.0,3.0
C10389,user10389@example.com,Maine,Basic,11,N,10389,0,10389.0,2.0,4.04,10389.0,1.0
C10390,user10390@example.org,New Mexico,Pro,33,N,10390,0,10390.0,3.0,6.136666666666667,,0.0
C10391,user10391@example.org,Florida,Basic,20,N,10391,0,10391.0,1.0,6.06,10391.0,4.0
C10392,user10392@example.org,Arizona,Pro,62,N,10392,0,10392.0,2.0,7.965,10392.0,2.0
C10393,user10393@example.net,New Mexico,Free,0,N,10393,0,10393.0,3.0,7.97,10393.0,3.0
C10394,user10394@example.com,Louisiana,Free,0,Y,10394,1,10394.0,3.0,19.173333333333336,10394.0,1.0
C10395,user10395@example.org,Arizona,Free,0,N,10395,0,10395.0,3.0,4.05,10395.0,2.0
C10396,user10396@example.net,Vermont,Free,0,N,10396,0,,0.0,0.0,10396.0,2.0
C10397,user10397@example.net,Vermont,Free,0,Y,10397,1,10397.0,5.0,18.722,,0.0
C10398,user10398@example.net,Alabama,Enterprise,81,N,10398,0,10398.0,2.0,3.635,,0.0
C10399,user10399@example.net,California,Free,0,N,10399,0,10399.0,1.0,4.46,,0.0
